{"cameraMode":{"drawMode":0,"name":"Shaded","section":"Shading Mode"},"sceneLighting":false,"audioPlay":false,"sceneViewState":{"m_AlwaysRefresh":false,"showFog":true,"showSkybox":false,"showFlares":true,"showImageEffects":true,"showParticleSystems":true,"showVisualEffectGraphs":true,"m_FxEnabled":true},"in2DMode":false,"pivot":{"x":-0.03610583022236824,"y":0.32151535153388979,"z":0.11310264468193054},"rotation":{"x":-0.05852876603603363,"y":-0.9235454797744751,"z":0.1566319316625595,"w":-0.3450990319252014},"size":0.5814602375030518,"orthographic":true}