{"cameraMode":{"drawMode":0,"name":"Shaded","section":"Shading Mode"},"sceneLighting":true,"audioPlay":false,"sceneViewState":{"m_AlwaysRefresh":false,"showFog":true,"showSkybox":true,"showFlares":true,"showImageEffects":true,"showParticleSystems":true,"showVisualEffectGraphs":true,"m_FxEnabled":true},"in2DMode":false,"pivot":{"x":-0.6763534545898438,"y":1.5666102170944214,"z":0.12226057052612305},"rotation":{"x":0.003664305666461587,"y":-0.9933486580848694,"z":0.11011278629302979,"w":0.033088311553001407},"size":1.9602657556533814,"orthographic":false}