{"cameraMode":{"drawMode":0,"name":"Shaded","section":"Shading Mode"},"sceneLighting":true,"audioPlay":false,"sceneViewState":{"m_AlwaysRefresh":false,"showFog":true,"showSkybox":true,"showFlares":true,"showImageEffects":true,"showParticleSystems":true,"showVisualEffectGraphs":true,"m_FxEnabled":true},"in2DMode":false,"pivot":{"x":3.7797043323516847,"y":-1.4410042762756348,"z":3.4389615058898927},"rotation":{"x":0.43248456716537478,"y":0.3372308909893036,"z":-0.17853336036205293,"w":0.8169171214103699},"size":5.067488670349121,"orthographic":true}