{"cameraMode":{"drawMode":0,"name":"Shaded","section":"Shading Mode"},"sceneLighting":false,"audioPlay":false,"sceneViewState":{"m_AlwaysRefresh":false,"showFog":true,"showSkybox":false,"showFlares":true,"showImageEffects":true,"showParticleSystems":true,"showVisualEffectGraphs":true,"m_FxEnabled":true},"in2DMode":false,"pivot":{"x":0.019999995827674867,"y":0.14000000059604646,"z":0.019999995827674867},"rotation":{"x":0.007638114504516125,"y":0.9869837164878845,"z":-0.15310485661029817,"w":0.04918543994426727},"size":0.2545584440231323,"orthographic":true}