{"cameraMode":{"drawMode":0,"name":"Shaded","section":"Shading Mode"},"sceneLighting":false,"audioPlay":false,"sceneViewState":{"m_AlwaysRefresh":false,"showFog":true,"showSkybox":false,"showFlares":true,"showImageEffects":true,"showParticleSystems":true,"showVisualEffectGraphs":true,"m_FxEnabled":true},"in2DMode":false,"pivot":{"x":0.019999995827674867,"y":0.14000000059604646,"z":0.019999995827674867},"rotation":{"x":-0.0018346266588196159,"y":-0.9965746998786926,"z":0.0793951004743576,"w":-0.023027008399367334},"size":0.835463285446167,"orthographic":true}